[{"id": 1, "text": "Which", "lemma": "which", "upos": "DET", "xpos": "WDT", "feats": "PronType=Int", "head": 2, "deprel": "det", "misc": null}, {"id": 2, "text": "papers", "lemma": "paper", "upos": "NOUN", "xpos": "NNS", "feats": "Number=Plur", "head": 7, "deprel": "obj", "misc": null}, {"id": 3, "text": "did", "lemma": "do", "upos": "AUX", "xpos": "VBD", "feats": "Mood=Ind|Number=Plur|Person=3|Tense=Past|VerbForm=Fin", "head": 7, "deprel": "aux", "misc": null}, {"id": 4, "text": "Dan", "lemma": "Dan", "upos": "PROPN", "xpos": "NNP", "feats": "Number=Sing", "head": 7, "deprel": "nsubj", "misc": null}, {"id": 5, "text": "O.", "lemma": "O.", "upos": "PROPN", "xpos": "NNP", "feats": "Number=Sing", "head": 4, "deprel": "flat", "misc": null}, {"id": 6, "text": "Popa", "lemma": "Popa", "upos": "PROPN", "xpos": "NNP", "feats": "Number=Sing", "head": 4, "deprel": "flat", "misc": null}, {"id": 7, "text": "publish", "lemma": "publish", "upos": "VERB", "xpos": "VB", "feats": "VerbForm=Inf", "head": 0, "deprel": "root", "misc": null}, {"id": 8, "text": "in", "lemma": "in", "upos": "ADP", "xpos": "IN", "feats": null, "head": 12, "deprel": "case", "misc": null}, {"id": 9, "text": "the", "lemma": "the", "upos": "DET", "xpos": "DT", "feats": "Definite=Def|PronType=Art", "head": 12, "deprel": "det", "misc": null}, {"id": 10, "text": "last", "lemma": "last", "upos": "ADJ", "xpos": "JJ", "feats": "Degree=Pos", "head": 12, "deprel": "amod", "misc": null}, {"id": 11, "text": "9", "lemma": "9", "upos": "NUM", "xpos": "CD", "feats": "NumForm=Digit|NumType=Card", "head": 12, "deprel": "nummod", "misc": null}, {"id": 12, "text": "years", "lemma": "year", "upos": "NOUN", "xpos": "NNS", "feats": "Number=Plur", "head": 7, "deprel": "obl", "misc": null}, {"id": 13, "text": "?", "lemma": "?", "upos": "PUNCT", "xpos": ".", "feats": null, "head": 7, "deprel": "punct", "misc": null}]